-- phpMyAdmin SQL Dump
-- version 5.2.1
-- https://www.phpmyadmin.net/
--
-- Hôte : 127.0.0.1
-- Généré le : lun. 19 mai 2025 à 08:58
-- Version du serveur : 10.4.32-MariaDB
-- Version de PHP : 8.2.12

SET SQL_MODE = "NO_AUTO_VALUE_ON_ZERO";
START TRANSACTION;
SET time_zone = "+00:00";


/*!40101 SET @OLD_CHARACTER_SET_CLIENT=@@CHARACTER_SET_CLIENT */;
/*!40101 SET @OLD_CHARACTER_SET_RESULTS=@@CHARACTER_SET_RESULTS */;
/*!40101 SET @OLD_COLLATION_CONNECTION=@@COLLATION_CONNECTION */;
/*!40101 SET NAMES utf8mb4 */;

--
-- Base de données : `conge-facile`
--

-- --------------------------------------------------------

--
-- Structure de la table `department`
--

CREATE TABLE `department` (
  `id` int(11) NOT NULL,
  `name` varchar(100) NOT NULL
) ENGINE=InnoDB DEFAULT CHARSET=utf8mb4 COLLATE=utf8mb4_general_ci;

--
-- Déchargement des données de la table `department`
--

INSERT INTO `department` (`id`, `name`) VALUES
(4, 'BU Applications mobiles'),
(1, 'BU Symfony'),
(2, 'BU Wordpress'),
(3, 'Chef de projet');

-- --------------------------------------------------------

--
-- Structure de la table `person`
--

CREATE TABLE `person` (
  `id` int(11) NOT NULL,
  `last_name` varchar(100) NOT NULL,
  `first_name` varchar(100) NOT NULL,
  `manager_id` int(11) DEFAULT NULL,
  `department_id` int(11) NOT NULL,
  `position_id` int(11) NOT NULL,
  `alert_new_request` tinyint(1) NOT NULL DEFAULT 0,
  `alert_on_answer` tinyint(1) NOT NULL DEFAULT 0,
  `alert_before_vacation` tinyint(1) NOT NULL DEFAULT 0
) ENGINE=InnoDB DEFAULT CHARSET=utf8mb4 COLLATE=utf8mb4_general_ci;

--
-- Déchargement des données de la table `person`
--

INSERT INTO `person` (`id`, `last_name`, `first_name`, `manager_id`, `department_id`, `position_id`, `alert_new_request`, `alert_on_answer`, `alert_before_vacation`) VALUES
(1, 'Salesse', 'Frederic', NULL, 1, 3, 0, 0, 0),
(2, 'Martins', 'Jeff', 1, 1, 1, 0, 0, 0),
(3, 'Dupas', 'Lucas', 1, 1, 2, 0, 0, 0),
(5, 'De Oliveira', 'Diego', 1, 1, 3, 0, 0, 0),
(6, 'daniel', 'Gael', NULL, 4, 4, 0, 0, 0);

-- --------------------------------------------------------

--
-- Structure de la table `positions`
--

CREATE TABLE `positions` (
  `id` int(11) NOT NULL,
  `name` varchar(100) NOT NULL
) ENGINE=InnoDB DEFAULT CHARSET=utf8mb4 COLLATE=utf8mb4_general_ci;

--
-- Déchargement des données de la table `positions`
--

INSERT INTO `positions` (`id`, `name`) VALUES
(3, 'Chef de projet'),
(2, 'Developpement web'),
(4, 'Manager'),
(1, 'Marketing');

-- --------------------------------------------------------

--
-- Structure de la table `request`
--

CREATE TABLE `request` (
  `id` int(11) NOT NULL,
  `request_type_id` int(11) NOT NULL,
  `collaborator_id` int(11) NOT NULL,
  `department_id` int(11) NOT NULL,
  `created_at` datetime NOT NULL,
  `start_at` datetime NOT NULL,
  `end_at` datetime NOT NULL,
  `period` int(11) NOT NULL,
  `receipt_file` blob DEFAULT NULL,
  `comment` text DEFAULT NULL,
  `answer_comment` text DEFAULT NULL,
  `answer` tinyint(1) DEFAULT NULL,
  `answer_at` datetime DEFAULT NULL
) ENGINE=InnoDB DEFAULT CHARSET=utf8mb4 COLLATE=utf8mb4_general_ci;

--
-- Déchargement des données de la table `request`
--

INSERT INTO `request` (`id`, `request_type_id`, `collaborator_id`, `department_id`, `created_at`, `start_at`, `end_at`, `period`, `receipt_file`, `comment`, `answer_comment`, `answer`, `answer_at`) VALUES
(1, 1, 2, 1, '2025-05-12 09:39:41', '2025-05-12 09:39:41', '2025-05-12 09:39:41', 0, 0x2d2d207068704d7941646d696e2053514c2044756d700a2d2d2076657273696f6e20352e322e310a2d2d2068747470733a2f2f7777772e7068706d7961646d696e2e6e65742f0a2d2d0a2d2d2048c3b47465203a203132372e302e302e310a2d2d2047c3a96ec3a972c3a9206c65203a206c756e2e203132206d6169203230323520c3a02030393a33350a2d2d2056657273696f6e2064752073657276657572203a2031302e342e33322d4d6172696144420a2d2d2056657273696f6e20646520504850203a20382e322e31320a0a5345542053514c5f4d4f4445203d20224e4f5f4155544f5f56414c55455f4f4e5f5a45524f223b0a5354415254205452414e53414354494f4e3b0a5345542074696d655f7a6f6e65203d20222b30303a3030223b0a0a0a2f2a2134303130312053455420404f4c445f4348415241435445525f5345545f434c49454e543d40404348415241435445525f5345545f434c49454e54202a2f3b0a2f2a2134303130312053455420404f4c445f4348415241435445525f5345545f524553554c54533d40404348415241435445525f5345545f524553554c5453202a2f3b0a2f2a2134303130312053455420404f4c445f434f4c4c4154494f4e5f434f4e4e454354494f4e3d4040434f4c4c4154494f4e5f434f4e4e454354494f4e202a2f3b0a2f2a21343031303120534554204e414d455320757466386d6234202a2f3b0a0a2d2d0a2d2d204261736520646520646f6e6ec3a96573203a2060636f6e67652d666163696c65600a2d2d0a0a2d2d202d2d2d2d2d2d2d2d2d2d2d2d2d2d2d2d2d2d2d2d2d2d2d2d2d2d2d2d2d2d2d2d2d2d2d2d2d2d2d2d2d2d2d2d2d2d2d2d2d2d2d2d2d2d2d2d0a0a2d2d0a2d2d20537472756374757265206465206c61207461626c6520606465706172746d656e74600a2d2d0a0a435245415445205441424c4520606465706172746d656e746020280a20206069646020696e7428313129204e4f54204e554c4c2c0a2020606e616d656020766172636861722831303029204e4f54204e554c4c0a2920454e47494e453d496e6e6f44422044454641554c5420434841525345543d757466386d623420434f4c4c4154453d757466386d62345f67656e6572616c5f63693b0a0a2d2d0a2d2d2044c3a96368617267656d656e742064657320646f6e6ec3a96573206465206c61207461626c6520606465706172746d656e74600a2d2d0a0a494e5345525420494e544f20606465706172746d656e74602028606964602c20606e616d6560292056414c5545530a28342c20274255204170706c69636174696f6e73206d6f62696c657327292c0a28312c202742552053796d666f6e7927292c0a28322c2027425520576f7264707265737327292c0a28332c2027436865662064652070726f6a657427293b0a0a2d2d202d2d2d2d2d2d2d2d2d2d2d2d2d2d2d2d2d2d2d2d2d2d2d2d2d2d2d2d2d2d2d2d2d2d2d2d2d2d2d2d2d2d2d2d2d2d2d2d2d2d2d2d2d2d2d2d0a0a2d2d0a2d2d20537472756374757265206465206c61207461626c652060706572736f6e600a2d2d0a0a435245415445205441424c452060706572736f6e6020280a20206069646020696e7428313129204e4f54204e554c4c2c0a2020606c6173745f6e616d656020766172636861722831303029204e4f54204e554c4c2c0a20206066697273745f6e616d656020766172636861722831303029204e4f54204e554c4c2c0a2020606d616e616765725f69646020696e74283131292044454641554c54204e554c4c2c0a2020606465706172746d656e745f69646020696e7428313129204e4f54204e554c4c2c0a202060706f736974696f6e5f69646020696e7428313129204e4f54204e554c4c2c0a202060616c6572745f6e65775f72657175657374602074696e79696e74283129204e4f54204e554c4c2044454641554c5420302c0a202060616c6572745f6f6e5f616e73776572602074696e79696e74283129204e4f54204e554c4c2044454641554c5420302c0a202060616c6572745f6265666f72655f7661636174696f6e602074696e79696e74283129204e4f54204e554c4c2044454641554c5420300a2920454e47494e453d496e6e6f44422044454641554c5420434841525345543d757466386d623420434f4c4c4154453d757466386d62345f67656e6572616c5f63693b0a0a2d2d0a2d2d2044c3a96368617267656d656e742064657320646f6e6ec3a96573206465206c61207461626c652060706572736f6e600a2d2d0a0a494e5345525420494e544f2060706572736f6e602028606964602c20606c6173745f6e616d65602c206066697273745f6e616d65602c20606d616e616765725f6964602c20606465706172746d656e745f6964602c2060706f736974696f6e5f6964602c2060616c6572745f6e65775f72657175657374602c2060616c6572745f6f6e5f616e73776572602c2060616c6572745f6265666f72655f7661636174696f6e60292056414c5545530a28312c202753616c65737365272c20274672656465726963272c204e554c4c2c20312c20332c20302c20302c2030292c0a28322c20274d617274696e73272c20274a656666272c20312c20312c20312c20302c20302c2030292c0a28332c20274475706173272c20274c75636173272c20312c20312c20322c20302c20302c2030293b0a0a2d2d202d2d2d2d2d2d2d2d2d2d2d2d2d2d2d2d2d2d2d2d2d2d2d2d2d2d2d2d2d2d2d2d2d2d2d2d2d2d2d2d2d2d2d2d2d2d2d2d2d2d2d2d2d2d2d2d0a0a2d2d0a2d2d20537472756374757265206465206c61207461626c652060706f736974696f6e73600a2d2d0a0a435245415445205441424c452060706f736974696f6e736020280a20206069646020696e7428313129204e4f54204e554c4c2c0a2020606e616d656020766172636861722831303029204e4f54204e554c4c0a2920454e47494e453d496e6e6f44422044454641554c5420434841525345543d757466386d623420434f4c4c4154453d757466386d62345f67656e6572616c5f63693b0a0a2d2d0a2d2d2044c3a96368617267656d656e742064657320646f6e6ec3a96573206465206c61207461626c652060706f736974696f6e73600a2d2d0a0a494e5345525420494e544f2060706f736974696f6e73602028606964602c20606e616d6560292056414c5545530a28332c2027436865662064652070726f6a657427292c0a28322c2027446576656c6f7070656d656e742077656227292c0a28312c20274d61726b6574696e6727293b0a0a2d2d202d2d2d2d2d2d2d2d2d2d2d2d2d2d2d2d2d2d2d2d2d2d2d2d2d2d2d2d2d2d2d2d2d2d2d2d2d2d2d2d2d2d2d2d2d2d2d2d2d2d2d2d2d2d2d2d0a0a2d2d0a2d2d20537472756374757265206465206c61207461626c65206072657175657374600a2d2d0a0a435245415445205441424c452060726571756573746020280a20206069646020696e7428313129204e4f54204e554c4c2c0a202060726571756573745f747970655f69646020696e7428313129204e4f54204e554c4c2c0a202060636f6c6c61626f7261746f725f69646020696e7428313129204e4f54204e554c4c2c0a2020606465706172746d656e745f69646020696e7428313129204e4f54204e554c4c2c0a202060637265617465645f617460206461746574696d65204e4f54204e554c4c2c0a20206073746172745f617460206461746574696d65204e4f54204e554c4c2c0a202060656e645f617460206461746574696d65204e4f54204e554c4c2c0a202060726563656970745f66696c656020626c6f622044454641554c54204e554c4c2c0a202060616e737765725f636f6d6d656e746020746578742044454641554c54204e554c4c2c0a202060616e73776572602074696e79696e742831292044454641554c54204e554c4c2c0a202060616e737765725f617460206461746574696d652044454641554c54204e554c4c0a2920454e47494e453d496e6e6f44422044454641554c5420434841525345543d757466386d623420434f4c4c4154453d757466386d62345f67656e6572616c5f63693b0a0a2d2d202d2d2d2d2d2d2d2d2d2d2d2d2d2d2d2d2d2d2d2d2d2d2d2d2d2d2d2d2d2d2d2d2d2d2d2d2d2d2d2d2d2d2d2d2d2d2d2d2d2d2d2d2d2d2d2d0a0a2d2d0a2d2d20537472756374757265206465206c61207461626c652060726571756573745f74797065600a2d2d0a0a435245415445205441424c452060726571756573745f747970656020280a20206069646020696e7428313129204e4f54204e554c4c2c0a2020606e616d656020766172636861722831303029204e4f54204e554c4c0a2920454e47494e453d496e6e6f44422044454641554c5420434841525345543d757466386d623420434f4c4c4154453d757466386d62345f67656e6572616c5f63693b0a0a2d2d0a2d2d2044c3a96368617267656d656e742064657320646f6e6ec3a96573206465206c61207461626c652060726571756573745f74797065600a2d2d0a0a494e5345525420494e544f2060726571756573745f74797065602028606964602c20606e616d6560292056414c5545530a28322c2027436f6e67c3a9206d616c6164696527292c0a28312c2027436f6e67c3a920706179c3a927293b0a0a2d2d202d2d2d2d2d2d2d2d2d2d2d2d2d2d2d2d2d2d2d2d2d2d2d2d2d2d2d2d2d2d2d2d2d2d2d2d2d2d2d2d2d2d2d2d2d2d2d2d2d2d2d2d2d2d2d2d0a0a2d2d0a2d2d20537472756374757265206465206c61207461626c65206075736572600a2d2d0a0a435245415445205441424c452060757365726020280a20206069646020696e7428313129204e4f54204e554c4c2c0a202060656d61696c6020766172636861722832353529204e4f54204e554c4c2c0a20206070617373776f72646020766172636861722832353529204e4f54204e554c4c2c0a202060656e61626c6564602074696e79696e74283129204e4f54204e554c4c2044454641554c5420312c0a202060637265617465645f617460206461746574696d65204e4f54204e554c4c2c0a202060726f6c6560207661726368617228353029204e4f54204e554c4c2c0a202060706572736f6e5f69646020696e7428313129204e4f54204e554c4c0a2920454e47494e453d496e6e6f44422044454641554c5420434841525345543d757466386d623420434f4c4c4154453d757466386d62345f67656e6572616c5f63693b0a0a2d2d0a2d2d2044c3a96368617267656d656e742064657320646f6e6ec3a96573206465206c61207461626c65206075736572600a2d2d0a0a494e5345525420494e544f206075736572602028606964602c2060656d61696c602c206070617373776f7264602c2060656e61626c6564602c2060637265617465645f6174602c2060726f6c65602c2060706572736f6e5f696460292056414c5545530a28312c202773616c6573736540676d61696c2e636f6d272c202724327924313024427a716f326c4e2f525a50684537364b48547651452e5574333671692f6938437033702e6376507647444e733547334e366c333136272c20312c2027323032352d30342d32382031353a31373a3436272c20276d616e61676572272c2031292c0a28322c20276d617274696e7340676d61696c2e636f6d272c202724327924313024516d66736f4344446e6e70384a4f746a334c544d592e42683247505865434f7a5a4356435a58477030336e682f3577367732767253272c20312c2027323032352d30342d32382031353a31383a3233272c2027636f6c6c61626f726174657572272c2032292c0a28332c2027447570617340676d61696c2e636f6d272c2027243279243130245259742e5534476e796e4b397259446b64674268464f305a522e4b3363735537386d594a4655736d6f4d56663569316463482f4647272c20312c2027323032352d30342d32382031353a31393a3135272c2027636f6c6c61626f726174657572272c2033293b0a0a2d2d0a2d2d20496e64657820706f7572206c6573207461626c65732064c3a96368617267c3a965730a2d2d0a0a2d2d0a2d2d20496e64657820706f7572206c61207461626c6520606465706172746d656e74600a2d2d0a414c544552205441424c4520606465706172746d656e74600a2020414444205052494d415259204b4559202860696460292c0a202041444420554e49515545204b455920606e616d65602028606e616d6560293b0a0a2d2d0a2d2d20496e64657820706f7572206c61207461626c652060706572736f6e600a2d2d0a414c544552205441424c452060706572736f6e600a2020414444205052494d415259204b4559202860696460292c0a2020414444204b45592060666b5f706572736f6e5f6d616e61676572602028606d616e616765725f696460292c0a2020414444204b45592060666b5f706572736f6e5f6465706172746d656e74602028606465706172746d656e745f696460292c0a2020414444204b45592060666b5f706572736f6e5f706f736974696f6e60202860706f736974696f6e5f696460293b0a0a2d2d0a2d2d20496e64657820706f7572206c61207461626c652060706f736974696f6e73600a2d2d0a414c544552205441424c452060706f736974696f6e73600a2020414444205052494d415259204b4559202860696460292c0a202041444420554e49515545204b455920606e616d65602028606e616d6560293b0a0a2d2d0a2d2d20496e64657820706f7572206c61207461626c65206072657175657374600a2d2d0a414c544552205441424c45206072657175657374600a2020414444205052494d415259204b4559202860696460292c0a2020414444204b45592060666b5f726571756573745f7479706560202860726571756573745f747970655f696460292c0a2020414444204b45592060666b5f726571756573745f636f6c6c61626f7261746f7260202860636f6c6c61626f7261746f725f696460292c0a2020414444204b45592060666b5f726571756573745f6d616e61676572602028606465706172746d656e745f696460293b0a0a2d2d0a2d2d20496e64657820706f7572206c61207461626c652060726571756573745f74797065600a2d2d0a414c544552205441424c452060726571756573745f74797065600a2020414444205052494d415259204b4559202860696460292c0a202041444420554e49515545204b455920606e616d65602028606e616d6560293b0a0a2d2d0a2d2d20496e64657820706f7572206c61207461626c65206075736572600a2d2d0a414c544552205441424c45206075736572600a2020414444205052494d415259204b4559202860696460292c0a202041444420554e49515545204b45592060656d61696c60202860656d61696c60292c0a202041444420554e49515545204b45592060656d61696c5f3260202860656d61696c60292c0a2020414444204b45592060666b5f757365725f706572736f6e60202860706572736f6e5f696460293b0a0a2d2d0a2d2d204155544f5f494e4352454d454e5420706f7572206c6573207461626c65732064c3a96368617267c3a965730a2d2d0a0a2d2d0a2d2d204155544f5f494e4352454d454e5420706f7572206c61207461626c6520606465706172746d656e74600a2d2d0a414c544552205441424c4520606465706172746d656e74600a20204d4f44494659206069646020696e7428313129204e4f54204e554c4c204155544f5f494e4352454d454e542c204155544f5f494e4352454d454e543d353b0a0a2d2d0a2d2d204155544f5f494e4352454d454e5420706f7572206c61207461626c652060706572736f6e600a2d2d0a414c544552205441424c452060706572736f6e600a20204d4f44494659206069646020696e7428313129204e4f54204e554c4c204155544f5f494e4352454d454e542c204155544f5f494e4352454d454e543d343b0a0a2d2d0a2d2d204155544f5f494e4352454d454e5420706f7572206c61207461626c652060706f736974696f6e73600a2d2d0a414c544552205441424c452060706f736974696f6e73600a20204d4f44494659206069646020696e7428313129204e4f54204e554c4c204155544f5f494e4352454d454e542c204155544f5f494e4352454d454e543d343b0a0a2d2d0a2d2d204155544f5f494e4352454d454e5420706f7572206c61207461626c65206072657175657374600a2d2d0a414c544552205441424c45206072657175657374600a20204d4f44494659206069646020696e7428313129204e4f54204e554c4c204155544f5f494e4352454d454e542c204155544f5f494e4352454d454e543d383b0a0a2d2d0a2d2d204155544f5f494e4352454d454e5420706f7572206c61207461626c652060726571756573745f74797065600a2d2d0a414c544552205441424c452060726571756573745f74797065600a20204d4f44494659206069646020696e7428313129204e4f54204e554c4c204155544f5f494e4352454d454e542c204155544f5f494e4352454d454e543d333b0a0a2d2d0a2d2d204155544f5f494e4352454d454e5420706f7572206c61207461626c65206075736572600a2d2d0a414c544552205441424c45206075736572600a20204d4f44494659206069646020696e7428313129204e4f54204e554c4c204155544f5f494e4352454d454e542c204155544f5f494e4352454d454e543d343b0a0a2d2d0a2d2d20436f6e747261696e74657320706f7572206c6573207461626c65732064c3a96368617267c3a965730a2d2d0a0a2d2d0a2d2d20436f6e747261696e74657320706f7572206c61207461626c652060706572736f6e600a2d2d0a414c544552205441424c452060706572736f6e600a202041444420434f4e53545241494e542060666b5f706572736f6e5f6465706172746d656e746020464f524549474e204b45592028606465706172746d656e745f69646029205245464552454e43455320606465706172746d656e746020286069646029204f4e2044454c4554452043415343414445204f4e2055504441544520434153434144452c0a202041444420434f4e53545241494e542060666b5f706572736f6e5f6d616e616765726020464f524549474e204b45592028606d616e616765725f69646029205245464552454e4345532060706572736f6e6020286069646029204f4e2044454c45544520534554204e554c4c204f4e2055504441544520434153434144452c0a202041444420434f4e53545241494e542060666b5f706572736f6e5f706f736974696f6e6020464f524549474e204b4559202860706f736974696f6e5f69646029205245464552454e4345532060706f736974696f6e736020286069646029204f4e2044454c4554452043415343414445204f4e2055504441544520434153434144453b0a0a2d2d0a2d2d20436f6e747261696e74657320706f7572206c61207461626c65206072657175657374600a2d2d0a414c544552205441424c45206072657175657374600a202041444420434f4e53545241494e542060666b5f726571756573745f636f6c6c61626f7261746f726020464f524549474e204b4559202860636f6c6c61626f7261746f725f69646029205245464552454e4345532060706572736f6e6020286069646029204f4e2044454c4554452043415343414445204f4e2055504441544520434153434144452c0a202041444420434f4e53545241494e542060666b5f726571756573745f6d616e616765726020464f524549474e204b45592028606465706172746d656e745f69646029205245464552454e4345532060706572736f6e6020286069646029204f4e2044454c4554452043415343414445204f4e2055504441544520434153434144452c0a202041444420434f4e53545241494e542060666b5f726571756573745f747970656020464f524549474e204b4559202860726571756573745f747970655f69646029205245464552454e4345532060726571756573745f747970656020286069646029204f4e2044454c4554452043415343414445204f4e2055504441544520434153434144453b0a0a2d2d0a2d2d20436f6e747261696e74657320706f7572206c61207461626c65206075736572600a2d2d0a414c544552205441424c45206075736572600a202041444420434f4e53545241494e542060666b5f757365725f706572736f6e6020464f524549474e204b4559202860706572736f6e5f69646029205245464552454e4345532060706572736f6e6020286069646029204f4e2044454c4554452043415343414445204f4e2055504441544520434153434144453b0a434f4d4d49543b0a0a2f2a21343031303120534554204348415241435445525f5345545f434c49454e543d404f4c445f4348415241435445525f5345545f434c49454e54202a2f3b0a2f2a21343031303120534554204348415241435445525f5345545f524553554c54533d404f4c445f4348415241435445525f5345545f524553554c5453202a2f3b0a2f2a2134303130312053455420434f4c4c4154494f4e5f434f4e4e454354494f4e3d404f4c445f434f4c4c4154494f4e5f434f4e4e454354494f4e202a2f3b0a, NULL, NULL, 0, '2025-05-15 10:02:54'),
(2, 1, 2, 4, '2025-05-15 10:47:29', '2025-05-15 10:47:29', '2025-05-15 10:47:29', 0, NULL, 'vacances', NULL, 1, '2025-05-15 10:53:12'),
(3, 1, 2, 4, '2025-05-15 10:47:29', '2025-05-15 10:47:29', '2025-05-15 10:47:29', 0, NULL, 'vacances', NULL, 1, '2025-05-15 10:53:51'),
(4, 2, 2, 1, '2025-05-15 11:00:16', '2025-05-16 00:00:00', '2025-05-17 00:00:00', 1, NULL, NULL, NULL, NULL, NULL),
(5, 2, 2, 1, '2025-05-16 15:39:47', '2025-05-10 15:39:00', '2025-05-17 15:39:00', 5, NULL, 'depart a bali ', NULL, NULL, NULL),
(6, 2, 2, 1, '2025-05-17 17:02:27', '2025-05-24 00:00:00', '2025-05-30 00:00:00', 3, NULL, NULL, NULL, NULL, NULL);

-- --------------------------------------------------------

--
-- Structure de la table `request_type`
--

CREATE TABLE `request_type` (
  `id` int(11) NOT NULL,
  `name` varchar(100) NOT NULL
) ENGINE=InnoDB DEFAULT CHARSET=utf8mb4 COLLATE=utf8mb4_general_ci;

--
-- Déchargement des données de la table `request_type`
--

INSERT INTO `request_type` (`id`, `name`) VALUES
(2, 'Congé maladie'),
(1, 'Congé payé'),
(3, 'Congé sans solde');

-- --------------------------------------------------------

--
-- Structure de la table `user`
--

CREATE TABLE `user` (
  `id` int(11) NOT NULL,
  `email` varchar(255) NOT NULL,
  `password` varchar(255) NOT NULL,
  `enabled` tinyint(1) NOT NULL DEFAULT 1,
  `created_at` datetime NOT NULL,
  `role` varchar(50) NOT NULL,
  `person_id` int(11) NOT NULL
) ENGINE=InnoDB DEFAULT CHARSET=utf8mb4 COLLATE=utf8mb4_general_ci;

--
-- Déchargement des données de la table `user`
--

INSERT INTO `user` (`id`, `email`, `password`, `enabled`, `created_at`, `role`, `person_id`) VALUES
(1, 'salesse@gmail.com', '$2y$10$Bzqo2lN/RZPhE76KHTvQE.Ut36qi/i8Cp3p.cvPvGDNs5G3N6l316', 1, '2025-04-28 15:17:46', 'manager', 1),
(2, 'martins@gmail.com', '$2y$10$QmfsoCDDnnp8JOtj3LTMY.Bh2GPXeCOzZCVCZXGp03nh/5w6w2vrS', 1, '2025-04-28 15:18:23', 'collaborateur', 2),
(3, 'Dupas@gmail.com', '$2y$10$RYt.U4GnynK9rYDkdgBhFO0ZR.K3csU78mYJFUsmoMVf5i1dcH/FG', 1, '2025-04-28 15:19:15', 'collaborateur', 3),
(6, 'diego@gmail.com', '$2y$10$b63Cab.eLN0GkjJaX9ijJurjCYq244UQinA4ctkkK57PzHtOqssDC', 1, '0000-00-00 00:00:00', '', 5),
(7, 'daniel@gmail.com', '$2y$10$Y2MVWxNqpZLVqqCUhk00w.F.JvCPrQ9Sx2MXzxtv/dNRdh92urcl6', 1, '0000-00-00 00:00:00', 'manager', 6);

--
-- Index pour les tables déchargées
--

--
-- Index pour la table `department`
--
ALTER TABLE `department`
  ADD PRIMARY KEY (`id`),
  ADD UNIQUE KEY `name` (`name`);

--
-- Index pour la table `person`
--
ALTER TABLE `person`
  ADD PRIMARY KEY (`id`),
  ADD KEY `fk_person_manager` (`manager_id`),
  ADD KEY `fk_person_department` (`department_id`),
  ADD KEY `fk_person_position` (`position_id`);

--
-- Index pour la table `positions`
--
ALTER TABLE `positions`
  ADD PRIMARY KEY (`id`),
  ADD UNIQUE KEY `name` (`name`);

--
-- Index pour la table `request`
--
ALTER TABLE `request`
  ADD PRIMARY KEY (`id`),
  ADD KEY `fk_request_type` (`request_type_id`),
  ADD KEY `fk_request_collaborator` (`collaborator_id`),
  ADD KEY `fk_request_manager` (`department_id`);

--
-- Index pour la table `request_type`
--
ALTER TABLE `request_type`
  ADD PRIMARY KEY (`id`),
  ADD UNIQUE KEY `name` (`name`);

--
-- Index pour la table `user`
--
ALTER TABLE `user`
  ADD PRIMARY KEY (`id`),
  ADD UNIQUE KEY `email` (`email`),
  ADD UNIQUE KEY `email_2` (`email`),
  ADD KEY `fk_user_person` (`person_id`);

--
-- AUTO_INCREMENT pour les tables déchargées
--

--
-- AUTO_INCREMENT pour la table `department`
--
ALTER TABLE `department`
  MODIFY `id` int(11) NOT NULL AUTO_INCREMENT, AUTO_INCREMENT=5;

--
-- AUTO_INCREMENT pour la table `person`
--
ALTER TABLE `person`
  MODIFY `id` int(11) NOT NULL AUTO_INCREMENT, AUTO_INCREMENT=7;

--
-- AUTO_INCREMENT pour la table `positions`
--
ALTER TABLE `positions`
  MODIFY `id` int(11) NOT NULL AUTO_INCREMENT, AUTO_INCREMENT=5;

--
-- AUTO_INCREMENT pour la table `request`
--
ALTER TABLE `request`
  MODIFY `id` int(11) NOT NULL AUTO_INCREMENT, AUTO_INCREMENT=7;

--
-- AUTO_INCREMENT pour la table `request_type`
--
ALTER TABLE `request_type`
  MODIFY `id` int(11) NOT NULL AUTO_INCREMENT, AUTO_INCREMENT=4;

--
-- AUTO_INCREMENT pour la table `user`
--
ALTER TABLE `user`
  MODIFY `id` int(11) NOT NULL AUTO_INCREMENT, AUTO_INCREMENT=8;

--
-- Contraintes pour les tables déchargées
--

--
-- Contraintes pour la table `person`
--
ALTER TABLE `person`
  ADD CONSTRAINT `fk_person_department` FOREIGN KEY (`department_id`) REFERENCES `department` (`id`) ON DELETE CASCADE ON UPDATE CASCADE,
  ADD CONSTRAINT `fk_person_manager` FOREIGN KEY (`manager_id`) REFERENCES `person` (`id`) ON DELETE SET NULL ON UPDATE CASCADE,
  ADD CONSTRAINT `fk_person_position` FOREIGN KEY (`position_id`) REFERENCES `positions` (`id`) ON DELETE CASCADE ON UPDATE CASCADE;

--
-- Contraintes pour la table `request`
--
ALTER TABLE `request`
  ADD CONSTRAINT `fk_request_collaborator` FOREIGN KEY (`collaborator_id`) REFERENCES `person` (`id`) ON DELETE CASCADE ON UPDATE CASCADE,
  ADD CONSTRAINT `fk_request_department` FOREIGN KEY (`department_id`) REFERENCES `department` (`id`) ON DELETE CASCADE ON UPDATE CASCADE,
  ADD CONSTRAINT `fk_request_type` FOREIGN KEY (`request_type_id`) REFERENCES `request_type` (`id`) ON DELETE CASCADE ON UPDATE CASCADE;

--
-- Contraintes pour la table `user`
--
ALTER TABLE `user`
  ADD CONSTRAINT `fk_user_person` FOREIGN KEY (`person_id`) REFERENCES `person` (`id`) ON DELETE CASCADE ON UPDATE CASCADE;
COMMIT;

/*!40101 SET CHARACTER_SET_CLIENT=@OLD_CHARACTER_SET_CLIENT */;
/*!40101 SET CHARACTER_SET_RESULTS=@OLD_CHARACTER_SET_RESULTS */;
/*!40101 SET COLLATION_CONNECTION=@OLD_COLLATION_CONNECTION */;
